{
    "textures": {
        "stripped": "minecraft:block/stripped_oak_log",
        "detail": "minecraft:block/polished_andesite",
        "knob": "minecraft:block/polished_andesite",
        "planks": "minecraft:block/oak_planks",
		"particle": "minecraft:block/oak_planks"
    },
    "display": {
        "gui": {
            "rotation": [ 30, 45, 0 ],
            "translation": [ 0, 0, 0 ],
            "scale": [ 0.625, 0.625, 0.625 ]
        },
        "ground": {
            "rotation": [ 0, 0, 0 ],
            "translation": [ 0, 3, 0 ],
            "scale": [ 0.25, 0.25, 0.25 ]
        },
        "fixed": {
            "rotation": [ 0, 180, 0 ],
            "translation": [ 0, 0, 0 ],
            "scale": [ 1, 1, 1 ]
        },
        "head": {
            "rotation": [ 0, 180, 0 ],
            "translation": [ 0, 0, 0 ],
            "scale": [ 1, 1, 1 ]
        },
        "firstperson_righthand": {
            "rotation": [ 0, 315, 0 ],
            "translation": [ 0, 2.5, 0 ],
            "scale": [ 0.4, 0.4, 0.4 ]
        },
        "thirdperson_righthand": {
            "rotation": [ 75, 315, 0 ],
            "translation": [ 0, 2.5, 0 ],
            "scale": [ 0.375, 0.375, 0.375 ]
        }
    },
    "elements": [
        {
            "name": "Main",
            "from": [ 0, 0, 0 ], 
            "to": [ 16, 15, 15 ], 
            "faces": {
                "north": { "texture": "#planks", "uv": [ 0, 1, 16, 16 ] },
                "east": { "texture": "#planks", "uv": [ 1, 1, 16, 16 ] },
                "south": { "texture": "#planks", "uv": [ 0, 1, 16, 16 ] },
                "west": { "texture": "#planks", "uv": [ 0, 1, 15, 16 ] },
                "down": { "texture": "#planks", "uv": [ 0, 1, 16, 16 ] }
            }
        },
        {
            "name": "KnobBottom",
            "from": [ 7, 5, 15.5 ], 
            "to": [ 9, 6, 16.5 ], 
            "faces": {
                "east": { "texture": "#knob", "uv": [ 0, 0, 1, 1 ] },
                "south": { "texture": "#knob", "uv": [ 1, 0, 3, 1 ] },
                "west": { "texture": "#knob", "uv": [ 0, 0, 1, 1 ] },
                "up": { "texture": "#knob", "uv": [ 0, 0, 2, 1 ] },
                "down": { "texture": "#knob", "uv": [ 0, 0, 2, 1 ] }
            }
        },
        {
            "name": "Top",
            "from": [ 0, 15, 0 ], 
            "to": [ 16, 16, 16 ], 
            "faces": {
                "north": { "texture": "#detail", "uv": [ 0, 0, 16, 1 ] },
                "east": { "texture": "#detail", "uv": [ 15, 0, 16, 16 ], "rotation": 90 },
                "south": { "texture": "#detail", "uv": [ 0, 15, 16, 16 ] },
                "west": { "texture": "#detail", "uv": [ 0, 0, 1, 16 ], "rotation": 270 },
                "up": { "texture": "#detail", "uv": [ 0, 0, 16, 16 ] },
                "down": { "texture": "#detail", "uv": [ 0, 0, 16, 16 ] }
            }
        },
        {
            "name": "DrawerBottom",
            "from": [ 1, 1, 15 ], 
            "to": [ 15, 7, 16 ], 
            "faces": {
                "east": { "texture": "#stripped", "uv": [ 15, 8, 16, 14 ] },
                "south": { "texture": "#stripped", "uv": [ 1, 8, 15, 14 ] },
                "west": { "texture": "#stripped", "uv": [ 0, 8, 1, 14 ] },
                "up": { "texture": "#stripped", "uv": [ 1, 0, 15, 1 ] },
                "down": { "texture": "#stripped", "uv": [ 1, 15, 15, 16 ] }
            }
        },
        {
            "name": "KnobUpper",
            "from": [ 7, 12, 15.5 ], 
            "to": [ 9, 13, 16.5 ], 
            "faces": {
                "east": { "texture": "#knob", "uv": [ 0, 0, 1, 1 ] },
                "south": { "texture": "#knob", "uv": [ 0, 0, 2, 1 ] },
                "west": { "texture": "#knob", "uv": [ 0, 0, 1, 1 ] },
                "up": { "texture": "#knob", "uv": [ 0, 0, 2, 1 ] },
                "down": { "texture": "#knob", "uv": [ 0, 0, 2, 1 ] }
            }
        },
        {
            "name": "DrawerUpper",
            "from": [ 1, 8, 15 ], 
            "to": [ 15, 14, 16 ], 
            "faces": {
                "east": { "texture": "#stripped", "uv": [ 15, 8, 16, 14 ] },
                "south": { "texture": "#stripped", "uv": [ 1, 2, 15, 8 ] },
                "west": { "texture": "#stripped", "uv": [ 0, 8, 1, 14 ] },
                "up": { "texture": "#stripped", "uv": [ 1, 0, 15, 1 ] },
                "down": { "texture": "#stripped", "uv": [ 1, 15, 15, 16 ] }
            }
        }
    ]
}