{
    "textures": {
        "pad": "buildersaddition:blocks/arcade_pad",
        "sides": "minecraft:block/purple_concrete",
        "body": "buildersaddition:blocks/arcade_panel",
        "particle": "buildersaddition:blocks/arcade_panel"
    },
    "display": {
        "gui": {
            "rotation": [ 30, 45, 0 ],
            "translation": [ 0, 0, 0 ],
            "scale": [ 0.625, 0.625, 0.625 ]
        },
        "ground": {
            "rotation": [ 0, 0, 0 ],
            "translation": [ 0, 3, 0 ],
            "scale": [ 0.25, 0.25, 0.25 ]
        },
        "fixed": {
            "rotation": [ 0, 180, 0 ],
            "translation": [ 0, 0, 0 ],
            "scale": [ 1, 1, 1 ]
        },
        "head": {
            "rotation": [ 0, 180, 0 ],
            "translation": [ 0, 0, 0 ],
            "scale": [ 1, 1, 1 ]
        },
        "firstperson_righthand": {
            "rotation": [ 0, 315, 0 ],
            "translation": [ 0, 2.5, 0 ],
            "scale": [ 0.4, 0.4, 0.4 ]
        },
        "thirdperson_righthand": {
            "rotation": [ 75, 315, 0 ],
            "translation": [ 0, 2.5, 0 ],
            "scale": [ 0.375, 0.375, 0.375 ]
        }
    },
    "elements": [
        {
            "name": "MainBottom",
            "from": [ 1, 0, 1 ], 
            "to": [ 15, 16, 6 ], 
            "faces": {
                "north": { "texture": "#body", "uv": [ 1, 0, 15, 16 ] },
                "down": { "texture": "#body", "uv": [ 1, 10, 15, 15 ] }
            }
        },
        {
            "name": "Front",
            "from": [ 1, 0, 6 ], 
            "to": [ 15, 15, 12 ], 
            "faces": {
                "south": { "texture": "#body", "uv": [ 1, 1, 15, 16 ] },
                "down": { "texture": "#body", "uv": [ 1, 3, 15, 9 ] }
            }
        },
        {
            "name": "LeftBottom",
            "from": [ 0, 0, 0 ], 
            "to": [ 1, 16, 13 ], 
            "faces": {
                "north": { "texture": "#sides", "uv": [ 0, 0, 1, 16 ] },
                "east": { "texture": "#sides", "uv": [ 0, 0, 13, 16 ] },
                "south": { "texture": "#sides", "uv": [ 0, 0, 1, 16 ] },
                "west": { "texture": "#sides", "uv": [ 0, 0, 13, 16 ] },
                "up": { "texture": "#sides", "uv": [ 0, 0, 1, 13 ] },
                "down": { "texture": "#sides", "uv": [ 0, 0, 1, 13 ] }
            }
        },
        {
            "name": "RightBottom",
            "from": [ 15, 0, 0 ], 
            "to": [ 16, 16, 13 ], 
            "faces": {
                "north": { "texture": "#sides", "uv": [ 0, 0, 1, 16 ] },
                "east": { "texture": "#sides", "uv": [ 0, 0, 13, 16 ] },
                "south": { "texture": "#sides", "uv": [ 0, 0, 1, 16 ] },
                "west": { "texture": "#sides", "uv": [ 0, 0, 13, 16 ] },
                "up": { "texture": "#sides", "uv": [ 0, 0, 1, 13 ] },
                "down": { "texture": "#sides", "uv": [ 0, 0, 1, 13 ] }
            }
        },
        {
            "name": "Pad",
            "from": [ 1, 14, 6 ], 
            "to": [ 15, 16, 15 ], 
            "faces": {
                "east": { "texture": "#pad", "uv": [ 0, 0, 9, 2 ] },
                "south": { "texture": "#pad", "uv": [ 1, 0, 15, 2 ] },
                "west": { "texture": "#pad", "uv": [ 0, 0, 9, 2 ] },
                "up": { "texture": "#pad", "uv": [ 1, 7, 15, 16 ] },
                "down": { "texture": "#pad", "uv": [ 1, 0, 15, 9 ] }
            }
        }
    ]
}