{
    "textures": {
        "ball": "minecraft:block/red_concrete",
        "pad": "buildersaddition:blocks/arcade_pad",
        "sign": "buildersaddition:blocks/arcade_sign",
        "sides": "minecraft:block/purple_concrete",
        "screen": "buildersaddition:blocks/arcade_screen",
        "stick": "minecraft:block/black_concrete_powder",
        "body": "buildersaddition:blocks/arcade_panel"
    },
    "display": {
        "gui": {
            "rotation": [ 30, 45, 0 ],
            "translation": [ 0, -2, 0 ],
            "scale": [ 0.3125, 0.3125, 0.3125 ]
        },
        "ground": {
            "rotation": [ 0, 0, 0 ],
            "translation": [ 0, 3, 0 ],
            "scale": [ 0.25, 0.25, 0.25 ]
        },
        "fixed": {
            "rotation": [ 0, 180, 0 ],
            "translation": [ 0, 0, 0 ],
            "scale": [ 1, 1, 1 ]
        },
        "head": {
            "rotation": [ 0, 180, 0 ],
            "translation": [ 0, 0, 0 ],
            "scale": [ 1, 1, 1 ]
        },
        "firstperson_righthand": {
            "rotation": [ 0, 315, 0 ],
            "translation": [ 0, 2.5, 0 ],
            "scale": [ 0.4, 0.4, 0.4 ]
        },
        "thirdperson_righthand": {
            "rotation": [ 75, 315, 0 ],
            "translation": [ 0, 2.5, 0 ],
            "scale": [ 0.375, 0.375, 0.375 ]
        }
    },
    "elements": [
        {
            "name": "MainBottom",
            "from": [ 1, 0, 1 ], 
            "to": [ 15, 16, 6 ], 
            "faces": {
                "north": { "texture": "#body", "uv": [ 1, 0, 15, 16 ] },
                "down": { "texture": "#body", "uv": [ 1, 10, 15, 15 ] }
            }
        },
        {
            "name": "Front",
            "from": [ 1, 0, 6 ], 
            "to": [ 15, 15, 12 ], 
            "faces": {
                "south": { "texture": "#body", "uv": [ 1, 1, 15, 16 ] },
                "down": { "texture": "#body", "uv": [ 1, 3, 15, 9 ] }
            }
        },
        {
            "name": "LeftBottom",
            "from": [ 0, 0, 0 ], 
            "to": [ 1, 16, 13 ], 
            "faces": {
                "north": { "texture": "#sides", "uv": [ 0, 0, 1, 16 ] },
                "east": { "texture": "#sides", "uv": [ 0, 0, 13, 16 ] },
                "south": { "texture": "#sides", "uv": [ 0, 0, 1, 16 ] },
                "west": { "texture": "#sides", "uv": [ 0, 0, 13, 16 ] },
                "down": { "texture": "#sides", "uv": [ 0, 0, 1, 13 ] }
            }
        },
        {
            "name": "RightBottom",
            "from": [ 15, 0, 0 ], 
            "to": [ 16, 16, 13 ], 
            "faces": {
                "north": { "texture": "#sides", "uv": [ 0, 0, 1, 16 ] },
                "east": { "texture": "#sides", "uv": [ 0, 0, 13, 16 ] },
                "south": { "texture": "#sides", "uv": [ 0, 0, 1, 16 ] },
                "west": { "texture": "#sides", "uv": [ 0, 0, 13, 16 ] },
                "down": { "texture": "#sides", "uv": [ 0, 0, 1, 13 ] }
            }
        },
        {
            "name": "Top",
            "from": [ 1, 26, 2 ], 
            "to": [ 15, 30, 12 ], 
            "rotation": { "origin": [ 8, 29, 8 ], "axis": "x", "angle": -22.5 },
            "faces": {
                "south": { "texture": "#sign", "uv": [ 1, 0, 15, 4 ] },
                "up": { "texture": "#body", "uv": [ 1, 0, 15, 10 ] },
                "down": { "texture": "#body", "uv": [ 1, 0, 15, 10 ] }
            }
        },
        {
            "name": "Pad",
            "from": [ 1, 14, 6 ], 
            "to": [ 15, 16, 15 ], 
            "faces": {
                "east": { "texture": "#pad", "uv": [ 0, 0, 9, 2 ] },
                "south": { "texture": "#pad", "uv": [ 1, 0, 15, 2 ] },
                "west": { "texture": "#pad", "uv": [ 0, 0, 9, 2 ] },
                "up": { "texture": "#pad", "uv": [ 1, 7, 15, 16 ] },
                "down": { "texture": "#pad", "uv": [ 1, 0, 15, 9 ] }
            }
        },
        {
            "name": "Screen",
            "from": [ 1, 16, 4 ], 
            "to": [ 15, 27, 9 ], 
            "rotation": { "origin": [ 8, 19, 10 ], "axis": "x", "angle": -22.5 },
            "faces": {
                "south": { "texture": "#screen", "uv": [ 1, 0, 15, 11 ] }
            }
        },
        {
            "name": "MainTop",
            "from": [ 1, 16, 1 ], 
            "to": [ 15, 29, 6 ], 
            "faces": {
                "north": { "texture": "#body", "uv": [ 1, 3, 15, 16 ] },
                "up": { "texture": "#body", "uv": [ 1, 4, 15, 9 ] }
            }
        },
        {
            "name": "LeftTop",
            "from": [ 0, 16, 0 ], 
            "to": [ 1, 32, 13 ], 
            "faces": {
                "north": { "texture": "#sides", "uv": [ 0, 0, 1, 16 ] },
                "east": { "texture": "#sides", "uv": [ 0, 0, 13, 16 ] },
                "south": { "texture": "#sides", "uv": [ 0, 0, 1, 16 ] },
                "west": { "texture": "#sides", "uv": [ 0, 0, 13, 16 ] },
                "up": { "texture": "#sides", "uv": [ 0, 0, 1, 13 ] }
            }
        },
        {
            "name": "RightTop",
            "from": [ 15, 16, 0 ], 
            "to": [ 16, 32, 13 ], 
            "faces": {
                "north": { "texture": "#sides", "uv": [ 0, 0, 1, 16 ] },
                "east": { "texture": "#sides", "uv": [ 0, 0, 13, 16 ] },
                "south": { "texture": "#sides", "uv": [ 0, 0, 1, 16 ] },
                "west": { "texture": "#sides", "uv": [ 0, 0, 13, 16 ] },
                "up": { "texture": "#sides", "uv": [ 0, 0, 1, 13 ] }
            }
        },
        {
            "name": "Stick",
            "from": [ 3, 16, 12 ], 
            "to": [ 4, 18, 13 ], 
            "faces": {
                "north": { "texture": "#stick", "uv": [ 0, 0, 1, 2 ] },
                "east": { "texture": "#stick", "uv": [ 0, 0, 1, 2 ] },
                "south": { "texture": "#stick", "uv": [ 0, 0, 1, 2 ] },
                "west": { "texture": "#stick", "uv": [ 0, 0, 1, 2 ] }
            }
        },
        {
            "name": "Ball",
            "from": [ 2.75, 17.5, 11.75 ], 
            "to": [ 4.25, 19, 13.25 ], 
            "faces": {
                "north": { "texture": "#ball", "uv": [ 0, 0, 1.5, 1.5 ] },
                "east": { "texture": "#ball", "uv": [ 0, 0, 1.5, 1.5 ] },
                "south": { "texture": "#ball", "uv": [ 0, 0, 1.5, 1.5 ] },
                "west": { "texture": "#ball", "uv": [ 0, 0, 1.5, 1.5 ] },
                "up": { "texture": "#ball", "uv": [ 0, 0, 1.5, 1.5 ] },
                "down": { "texture": "#ball", "uv": [ 0, 0, 1.5, 1.5 ] }
            }
        }
    ]
}