{
    "textures": {
        "white_wool": "minecraft:block/white_wool",
        "bookshelf": "minecraft:block/bookshelf",
        "particle": "minecraft:block/bookshelf"
    },
    "display": {
        "gui": {
            "rotation": [ 30, 45, 0 ],
            "translation": [ 0, 0, 0 ],
            "scale": [ 0.625, 0.625, 0.625 ]
        },
        "ground": {
            "rotation": [ 0, 0, 0 ],
            "translation": [ 0, 3, 0 ],
            "scale": [ 0.25, 0.25, 0.25 ]
        },
        "fixed": {
            "rotation": [ 0, 180, 0 ],
            "translation": [ 0, 0, 0 ],
            "scale": [ 1, 1, 1 ]
        },
        "head": {
            "rotation": [ 0, 180, 0 ],
            "translation": [ 0, 0, 0 ],
            "scale": [ 1, 1, 1 ]
        },
        "firstperson_righthand": {
            "rotation": [ 0, 315, 0 ],
            "translation": [ 0, 2.5, 0 ],
            "scale": [ 0.4, 0.4, 0.4 ]
        },
        "thirdperson_righthand": {
            "rotation": [ 75, 315, 0 ],
            "translation": [ 0, 2.5, 0 ],
            "scale": [ 0.375, 0.375, 0.375 ]
        }
    },
    "elements": [
        {
            "name": "Book5",
            "from": [ 7, 9, 2 ], 
            "to": [ 8, 12, 6 ], 
            "faces": {
                "east": { "texture": "#bookshelf", "uv": [ 7, 4, 8, 7 ] },
                "south": { "texture": "#bookshelf", "uv": [ 7, 4, 8, 7 ] },
                "west": { "texture": "#bookshelf", "uv": [ 7, 4, 8, 7 ] },
                "up": { "texture": "#white_wool", "uv": [ 0, 0, 1, 4 ] }
            }
        },
        {
            "name": "Book6",
            "from": [ 8, 9, 2 ], 
            "to": [ 9, 13, 6 ], 
            "faces": {
                "east": { "texture": "#bookshelf", "uv": [ 8, 3, 9, 7 ] },
                "south": { "texture": "#bookshelf", "uv": [ 8, 3, 9, 7 ] },
                "west": { "texture": "#bookshelf", "uv": [ 8, 3, 9, 7 ] },
                "up": { "texture": "#white_wool", "uv": [ 0, 0, 1, 4 ] }
            }
        },
        {
            "name": "Book7",
            "from": [ 9, 9, 2 ], 
            "to": [ 11, 14, 7 ], 
            "faces": {
                "east": { "texture": "#bookshelf", "uv": [ 9, 2, 11, 7 ] },
                "south": { "texture": "#bookshelf", "uv": [ 9, 2, 11, 7 ] },
                "west": { "texture": "#bookshelf", "uv": [ 9, 2, 11, 7 ] },
                "up": { "texture": "#white_wool", "uv": [ 0, 0, 2, 5 ] }
            }
        }
    ]
}