{
    "textures": {
        "white_wool": "minecraft:block/white_wool",
        "bookshelf": "minecraft:block/bookshelf",
        "particle": "minecraft:block/bookshelf"
    },
    "display": {
        "gui": {
            "rotation": [ 30, 45, 0 ],
            "translation": [ 0, 0, 0 ],
            "scale": [ 0.625, 0.625, 0.625 ]
        },
        "ground": {
            "rotation": [ 0, 0, 0 ],
            "translation": [ 0, 3, 0 ],
            "scale": [ 0.25, 0.25, 0.25 ]
        },
        "fixed": {
            "rotation": [ 0, 180, 0 ],
            "translation": [ 0, 0, 0 ],
            "scale": [ 1, 1, 1 ]
        },
        "head": {
            "rotation": [ 0, 180, 0 ],
            "translation": [ 0, 0, 0 ],
            "scale": [ 1, 1, 1 ]
        },
        "firstperson_righthand": {
            "rotation": [ 0, 315, 0 ],
            "translation": [ 0, 2.5, 0 ],
            "scale": [ 0.4, 0.4, 0.4 ]
        },
        "thirdperson_righthand": {
            "rotation": [ 75, 315, 0 ],
            "translation": [ 0, 2.5, 0 ],
            "scale": [ 0.375, 0.375, 0.375 ]
        }
    },
    "elements": [
        {
            "name": "Book8",
            "from": [ 11, 9, 2 ], 
            "to": [ 12, 13, 7 ], 
            "faces": {
                "east": { "texture": "#bookshelf", "uv": [ 11, 3, 12, 7 ] },
                "south": { "texture": "#bookshelf", "uv": [ 11, 3, 12, 7 ] },
                "west": { "texture": "#bookshelf", "uv": [ 11, 3, 12, 7 ] },
                "up": { "texture": "#white_wool", "uv": [ 0, 0, 1, 5 ] }
            }
        },
        {
            "name": "Book10",
            "from": [ 14, 9, 2 ], 
            "to": [ 15, 13, 7 ], 
            "faces": {
                "east": { "texture": "#bookshelf", "uv": [ 14, 3, 15, 7 ] },
                "south": { "texture": "#bookshelf", "uv": [ 14, 3, 15, 7 ] },
                "west": { "texture": "#bookshelf", "uv": [ 14, 3, 15, 7 ] },
                "up": { "texture": "#white_wool", "uv": [ 0, 0, 1, 5 ] }
            }
        },
        {
            "name": "Book9",
            "from": [ 12, 9, 2 ], 
            "to": [ 14, 15, 7 ], 
            "faces": {
                "east": { "texture": "#bookshelf", "uv": [ 12, 1, 14, 7 ] },
                "south": { "texture": "#bookshelf", "uv": [ 12, 1, 14, 7 ] },
                "west": { "texture": "#bookshelf", "uv": [ 12, 1, 14, 7 ] },
                "up": { "texture": "#white_wool", "uv": [ 0, 0, 2, 5 ] }
            }
        }
    ]
}