{
    "textures": {
        "white_wool": "minecraft:block/white_wool",
        "bookshelf": "minecraft:block/bookshelf",
        "particle": "minecraft:block/bookshelf"
    },
    "display": {
        "gui": {
            "rotation": [ 30, 45, 0 ],
            "translation": [ 0, 0, 0 ],
            "scale": [ 0.625, 0.625, 0.625 ]
        },
        "ground": {
            "rotation": [ 0, 0, 0 ],
            "translation": [ 0, 3, 0 ],
            "scale": [ 0.25, 0.25, 0.25 ]
        },
        "fixed": {
            "rotation": [ 0, 180, 0 ],
            "translation": [ 0, 0, 0 ],
            "scale": [ 1, 1, 1 ]
        },
        "head": {
            "rotation": [ 0, 180, 0 ],
            "translation": [ 0, 0, 0 ],
            "scale": [ 1, 1, 1 ]
        },
        "firstperson_righthand": {
            "rotation": [ 0, 315, 0 ],
            "translation": [ 0, 2.5, 0 ],
            "scale": [ 0.4, 0.4, 0.4 ]
        },
        "thirdperson_righthand": {
            "rotation": [ 75, 315, 0 ],
            "translation": [ 0, 2.5, 0 ],
            "scale": [ 0.375, 0.375, 0.375 ]
        }
    },
    "elements": [
        {
            "name": "Book17",
            "from": [ 11, 1, 2 ], 
            "to": [ 13, 6, 7 ], 
            "faces": {
                "east": { "texture": "#bookshelf", "uv": [ 12, 10, 13, 15 ] },
                "south": { "texture": "#bookshelf", "uv": [ 11, 10, 13, 15 ] },
                "west": { "texture": "#bookshelf", "uv": [ 11, 10, 12, 15 ] },
                "up": { "texture": "#white_wool", "uv": [ 0, 0, 2, 5 ] }
            }
        },
        {
            "name": "Book18",
            "from": [ 13, 1, 2 ], 
            "to": [ 15, 5, 6 ], 
            "faces": {
                "east": { "texture": "#bookshelf", "uv": [ 14, 11, 15, 15 ] },
                "south": { "texture": "#bookshelf", "uv": [ 13, 11, 15, 15 ] },
                "west": { "texture": "#bookshelf", "uv": [ 13, 11, 14, 15 ] },
                "up": { "texture": "#white_wool", "uv": [ 0, 0, 2, 4 ] }
            }
        }
    ]
}