{
    "textures": {
        "white_wool": "minecraft:block/white_wool",
        "bookshelf": "minecraft:block/bookshelf",
        "particle": "minecraft:block/bookshelf"
    },
    "display": {
        "gui": {
            "rotation": [ 30, 45, 0 ],
            "translation": [ 0, 0, 0 ],
            "scale": [ 0.625, 0.625, 0.625 ]
        },
        "ground": {
            "rotation": [ 0, 0, 0 ],
            "translation": [ 0, 3, 0 ],
            "scale": [ 0.25, 0.25, 0.25 ]
        },
        "fixed": {
            "rotation": [ 0, 180, 0 ],
            "translation": [ 0, 0, 0 ],
            "scale": [ 1, 1, 1 ]
        },
        "head": {
            "rotation": [ 0, 180, 0 ],
            "translation": [ 0, 0, 0 ],
            "scale": [ 1, 1, 1 ]
        },
        "firstperson_righthand": {
            "rotation": [ 0, 315, 0 ],
            "translation": [ 0, 2.5, 0 ],
            "scale": [ 0.4, 0.4, 0.4 ]
        },
        "thirdperson_righthand": {
            "rotation": [ 75, 315, 0 ],
            "translation": [ 0, 2.5, 0 ],
            "scale": [ 0.375, 0.375, 0.375 ]
        }
    },
    "elements": [
        {
            "name": "Book12",
            "from": [ 3, 1, 1 ], 
            "to": [ 4, 5, 6 ], 
            "faces": {
                "east": { "texture": "#bookshelf", "uv": [ 3, 11, 4, 15 ] },
                "south": { "texture": "#bookshelf", "uv": [ 3, 11, 4, 15 ] },
                "west": { "texture": "#bookshelf", "uv": [ 3, 11, 4, 15 ] },
                "up": { "texture": "#white_wool", "uv": [ 0, 0, 1, 5 ] }
            }
        },
        {
            "name": "Book13",
            "from": [ 4, 1, 2 ], 
            "to": [ 6, 6, 7 ], 
            "faces": {
                "east": { "texture": "#bookshelf", "uv": [ 4, 10, 6, 15 ] },
                "south": { "texture": "#bookshelf", "uv": [ 4, 10, 6, 15 ] },
                "west": { "texture": "#bookshelf", "uv": [ 4, 10, 6, 15 ] },
                "up": { "texture": "#white_wool", "uv": [ 0, 0, 2, 5 ] }
            }
        }
    ]
}