{
    "textures": {
        "white_wool": "minecraft:block/white_wool",
        "bookshelf": "minecraft:block/bookshelf",
        "particle": "minecraft:block/bookshelf"
    },
    "display": {
        "gui": {
            "rotation": [ 30, 45, 0 ],
            "translation": [ 0, 0, 0 ],
            "scale": [ 0.625, 0.625, 0.625 ]
        },
        "ground": {
            "rotation": [ 0, 0, 0 ],
            "translation": [ 0, 3, 0 ],
            "scale": [ 0.25, 0.25, 0.25 ]
        },
        "fixed": {
            "rotation": [ 0, 180, 0 ],
            "translation": [ 0, 0, 0 ],
            "scale": [ 1, 1, 1 ]
        },
        "head": {
            "rotation": [ 0, 180, 0 ],
            "translation": [ 0, 0, 0 ],
            "scale": [ 1, 1, 1 ]
        },
        "firstperson_righthand": {
            "rotation": [ 0, 315, 0 ],
            "translation": [ 0, 2.5, 0 ],
            "scale": [ 0.4, 0.4, 0.4 ]
        },
        "thirdperson_righthand": {
            "rotation": [ 75, 315, 0 ],
            "translation": [ 0, 2.5, 0 ],
            "scale": [ 0.375, 0.375, 0.375 ]
        }
    },
    "elements": [
        {
            "name": "Book1",
            "from": [ 1, 9, 2 ], 
            "to": [ 2, 13, 7 ], 
            "faces": {
                "east": { "texture": "#bookshelf", "uv": [ 1, 3, 2, 7 ] },
                "south": { "texture": "#bookshelf", "uv": [ 1, 3, 2, 7 ] },
                "west": { "texture": "#bookshelf", "uv": [ 1, 3, 2, 7 ] },
                "up": { "texture": "#white_wool", "uv": [ 0, 0, 1, 5 ] }
            }
        },
        {
            "name": "Book3",
            "from": [ 4, 9, 2 ], 
            "to": [ 6, 14, 7 ], 
            "faces": {
                "east": { "texture": "#bookshelf", "uv": [ 4, 2, 6, 7 ] },
                "south": { "texture": "#bookshelf", "uv": [ 2, 2, 4, 7 ] },
                "west": { "texture": "#bookshelf", "uv": [ 4, 2, 6, 7 ] },
                "up": { "texture": "#white_wool", "uv": [ 0, 0, 2, 5 ] }
            }
        },
        {
            "name": "Book2",
            "from": [ 2, 9, 2 ], 
            "to": [ 4, 13, 6 ], 
            "faces": {
                "east": { "texture": "#bookshelf", "uv": [ 2, 3, 4, 7 ] },
                "south": { "texture": "#bookshelf", "uv": [ 2, 3, 4, 7 ] },
                "west": { "texture": "#bookshelf", "uv": [ 2, 3, 4, 7 ] },
                "up": { "texture": "#white_wool", "uv": [ 0, 0, 2, 4 ] }
            }
        },
        {
            "name": "Book4",
            "from": [ 6, 9, 2 ], 
            "to": [ 7, 12, 6 ], 
            "faces": {
                "east": { "texture": "#bookshelf", "uv": [ 6, 4, 7, 7 ] },
                "south": { "texture": "#bookshelf", "uv": [ 6, 4, 7, 7 ] },
                "west": { "texture": "#bookshelf", "uv": [ 6, 4, 7, 7 ] },
                "up": { "texture": "#white_wool", "uv": [ 0, 0, 1, 4 ] }
            }
        },
        {
            "name": "Book5",
            "from": [ 7, 9, 2 ], 
            "to": [ 8, 12, 6 ], 
            "faces": {
                "east": { "texture": "#bookshelf", "uv": [ 7, 4, 8, 7 ] },
                "south": { "texture": "#bookshelf", "uv": [ 7, 4, 8, 7 ] },
                "west": { "texture": "#bookshelf", "uv": [ 7, 4, 8, 7 ] },
                "up": { "texture": "#white_wool", "uv": [ 0, 0, 1, 4 ] }
            }
        },
        {
            "name": "Book6",
            "from": [ 8, 9, 2 ], 
            "to": [ 9, 13, 6 ], 
            "faces": {
                "east": { "texture": "#bookshelf", "uv": [ 8, 3, 9, 7 ] },
                "south": { "texture": "#bookshelf", "uv": [ 8, 3, 9, 7 ] },
                "west": { "texture": "#bookshelf", "uv": [ 8, 3, 9, 7 ] },
                "up": { "texture": "#white_wool", "uv": [ 0, 0, 1, 4 ] }
            }
        },
        {
            "name": "Book7",
            "from": [ 9, 9, 2 ], 
            "to": [ 11, 14, 7 ], 
            "faces": {
                "east": { "texture": "#bookshelf", "uv": [ 9, 2, 11, 7 ] },
                "south": { "texture": "#bookshelf", "uv": [ 9, 2, 11, 7 ] },
                "west": { "texture": "#bookshelf", "uv": [ 9, 2, 11, 7 ] },
                "up": { "texture": "#white_wool", "uv": [ 0, 0, 2, 5 ] }
            }
        },
        {
            "name": "Book8",
            "from": [ 11, 9, 2 ], 
            "to": [ 12, 13, 7 ], 
            "faces": {
                "east": { "texture": "#bookshelf", "uv": [ 11, 3, 12, 7 ] },
                "south": { "texture": "#bookshelf", "uv": [ 11, 3, 12, 7 ] },
                "west": { "texture": "#bookshelf", "uv": [ 11, 3, 12, 7 ] },
                "up": { "texture": "#white_wool", "uv": [ 0, 0, 1, 5 ] }
            }
        },
        {
            "name": "Book10",
            "from": [ 14, 9, 2 ], 
            "to": [ 15, 13, 7 ], 
            "faces": {
                "east": { "texture": "#bookshelf", "uv": [ 14, 3, 15, 7 ] },
                "south": { "texture": "#bookshelf", "uv": [ 14, 3, 15, 7 ] },
                "west": { "texture": "#bookshelf", "uv": [ 14, 3, 15, 7 ] },
                "up": { "texture": "#white_wool", "uv": [ 0, 0, 1, 5 ] }
            }
        },
        {
            "name": "Book7",
            "from": [ 9, 9, 2 ], 
            "to": [ 11, 14, 7 ], 
            "faces": {
                "east": { "texture": "#bookshelf", "uv": [ 9, 2, 11, 7 ] },
                "south": { "texture": "#bookshelf", "uv": [ 9, 2, 11, 7 ] },
                "west": { "texture": "#bookshelf", "uv": [ 9, 2, 11, 7 ] },
                "up": { "texture": "#white_wool", "uv": [ 0, 0, 2, 5 ] }
            }
        },
        {
            "name": "Book9",
            "from": [ 12, 9, 2 ], 
            "to": [ 14, 15, 7 ], 
            "faces": {
                "east": { "texture": "#bookshelf", "uv": [ 12, 1, 14, 7 ] },
                "south": { "texture": "#bookshelf", "uv": [ 12, 1, 14, 7 ] },
                "west": { "texture": "#bookshelf", "uv": [ 12, 1, 14, 7 ] },
                "up": { "texture": "#white_wool", "uv": [ 0, 0, 2, 5 ] }
            }
        },
        {
            "name": "Book11",
            "from": [ 1, 1, 2 ], 
            "to": [ 3, 6, 7 ], 
            "faces": {
                "east": { "texture": "#bookshelf", "uv": [ 1, 10, 3, 15 ] },
                "south": { "texture": "#bookshelf", "uv": [ 1, 10, 3, 15 ] },
                "west": { "texture": "#bookshelf", "uv": [ 1, 10, 3, 15 ] },
                "up": { "texture": "#white_wool", "uv": [ 0, 0, 2, 5 ] }
            }
        },
        {
            "name": "Book12",
            "from": [ 3, 1, 1 ], 
            "to": [ 4, 5, 6 ], 
            "faces": {
                "east": { "texture": "#bookshelf", "uv": [ 3, 11, 4, 15 ] },
                "south": { "texture": "#bookshelf", "uv": [ 3, 11, 4, 15 ] },
                "west": { "texture": "#bookshelf", "uv": [ 3, 11, 4, 15 ] },
                "up": { "texture": "#white_wool", "uv": [ 0, 0, 1, 5 ] }
            }
        },
        {
            "name": "Book13",
            "from": [ 4, 1, 2 ], 
            "to": [ 6, 6, 7 ], 
            "faces": {
                "east": { "texture": "#bookshelf", "uv": [ 4, 10, 6, 15 ] },
                "south": { "texture": "#bookshelf", "uv": [ 4, 10, 6, 15 ] },
                "west": { "texture": "#bookshelf", "uv": [ 4, 10, 6, 15 ] },
                "up": { "texture": "#white_wool", "uv": [ 0, 0, 2, 5 ] }
            }
        },
        {
            "name": "Book14",
            "from": [ 6, 1, 2 ], 
            "to": [ 8, 7, 7 ], 
            "faces": {
                "east": { "texture": "#bookshelf", "uv": [ 6, 9, 8, 15 ] },
                "south": { "texture": "#bookshelf", "uv": [ 6, 9, 8, 15 ] },
                "west": { "texture": "#bookshelf", "uv": [ 6, 9, 8, 15 ] },
                "up": { "texture": "#white_wool", "uv": [ 0, 0, 2, 5 ] }
            }
        },
        {
            "name": "Book15",
            "from": [ 8, 1, 2 ], 
            "to": [ 9, 6, 6 ], 
            "faces": {
                "east": { "texture": "#bookshelf", "uv": [ 8, 10, 9, 15 ] },
                "south": { "texture": "#bookshelf", "uv": [ 8, 10, 9, 15 ] },
                "west": { "texture": "#bookshelf", "uv": [ 8, 10, 9, 15 ] },
                "up": { "texture": "#white_wool", "uv": [ 0, 0, 1, 4 ] }
            }
        },
        {
            "name": "Book16",
            "from": [ 9, 1, 2 ], 
            "to": [ 11, 5, 6 ], 
            "faces": {
                "east": { "texture": "#bookshelf", "uv": [ 10, 11, 11, 15 ] },
                "south": { "texture": "#bookshelf", "uv": [ 9, 11, 11, 15 ] },
                "west": { "texture": "#bookshelf", "uv": [ 9, 11, 10, 15 ] },
                "up": { "texture": "#white_wool", "uv": [ 0, 0, 2, 4 ] }
            }
        },
        {
            "name": "Book17",
            "from": [ 11, 1, 2 ], 
            "to": [ 13, 6, 7 ], 
            "faces": {
                "east": { "texture": "#bookshelf", "uv": [ 12, 10, 13, 15 ] },
                "south": { "texture": "#bookshelf", "uv": [ 11, 10, 13, 15 ] },
                "west": { "texture": "#bookshelf", "uv": [ 11, 10, 12, 15 ] },
                "up": { "texture": "#white_wool", "uv": [ 0, 0, 2, 5 ] }
            }
        },
        {
            "name": "Book18",
            "from": [ 13, 1, 2 ], 
            "to": [ 15, 5, 6 ], 
            "faces": {
                "east": { "texture": "#bookshelf", "uv": [ 14, 11, 15, 15 ] },
                "south": { "texture": "#bookshelf", "uv": [ 13, 11, 15, 15 ] },
                "west": { "texture": "#bookshelf", "uv": [ 13, 11, 14, 15 ] },
                "up": { "texture": "#white_wool", "uv": [ 0, 0, 2, 4 ] }
            }
        }
    ]
}