{
    "variants": {
        "facing=north,half=lower": { "model": "buildersaddition:block/arcade/arcade_lower", "y":180 },
        "facing=west,half=lower": { "model": "buildersaddition:block/arcade/arcade_lower", "y":90 },
        "facing=south,half=lower": { "model": "buildersaddition:block/arcade/arcade_lower" },
        "facing=east,half=lower": { "model": "buildersaddition:block/arcade/arcade_lower", "y":270 },
        
        "facing=north,half=upper": { "model": "buildersaddition:block/arcade/arcade_upper", "y":180 },
        "facing=west,half=upper": { "model": "buildersaddition:block/arcade/arcade_upper", "y":90 },
        "facing=south,half=upper": { "model": "buildersaddition:block/arcade/arcade_upper" },
        "facing=east,half=upper": { "model": "buildersaddition:block/arcade/arcade_upper", "y":270 }
    }
}