{
    "variants": {
    	"type=north,waterlogged=false": { "model": "buildersaddition:block/slab/dark_prismarine_north"},
    	"type=east,waterlogged=false": { "model": "buildersaddition:block/slab/dark_prismarine_east"},
    	"type=south,waterlogged=false": { "model": "buildersaddition:block/slab/dark_prismarine_south"},
    	"type=west,waterlogged=false": { "model": "buildersaddition:block/slab/dark_prismarine_west"},
    	"type=double_x,waterlogged=false": { "model": "buildersaddition:block/slab/dark_prismarine_double"},
		"type=double_z,waterlogged=false": { "model": "buildersaddition:block/slab/dark_prismarine_double"},
    	
    	"type=north,waterlogged=true": { "model": "buildersaddition:block/slab/dark_prismarine_north"},
    	"type=east,waterlogged=true": { "model": "buildersaddition:block/slab/dark_prismarine_east"},
    	"type=south,waterlogged=true": { "model": "buildersaddition:block/slab/dark_prismarine_south"},
    	"type=west,waterlogged=true": { "model": "buildersaddition:block/slab/dark_prismarine_west"},
    	"type=double_x,waterlogged=true": { "model": "buildersaddition:block/slab/dark_prismarine_double"},
		"type=double_z,waterlogged=true": { "model": "buildersaddition:block/slab/dark_prismarine_double"}
    }
}