{
    "variants": {
    	"type=north,waterlogged=false": { "model": "buildersaddition:block/slab/diorite_north"},
    	"type=east,waterlogged=false": { "model": "buildersaddition:block/slab/diorite_east"},
    	"type=south,waterlogged=false": { "model": "buildersaddition:block/slab/diorite_south"},
    	"type=west,waterlogged=false": { "model": "buildersaddition:block/slab/diorite_west"},
    	"type=double_x,waterlogged=false": { "model": "buildersaddition:block/slab/diorite_double"},
		"type=double_z,waterlogged=false": { "model": "buildersaddition:block/slab/diorite_double"},
    	
    	"type=north,waterlogged=true": { "model": "buildersaddition:block/slab/diorite_north"},
    	"type=east,waterlogged=true": { "model": "buildersaddition:block/slab/diorite_east"},
    	"type=south,waterlogged=true": { "model": "buildersaddition:block/slab/diorite_south"},
    	"type=west,waterlogged=true": { "model": "buildersaddition:block/slab/diorite_west"},
    	"type=double_x,waterlogged=true": { "model": "buildersaddition:block/slab/diorite_double"},
		"type=double_z,waterlogged=true": { "model": "buildersaddition:block/slab/diorite_double"}
    }
}