{
    "variants": {
        "state=none": { "model": "buildersaddition:block/hedge/hedge_none_birch"},
        
        "state=straight_z": { "model": "buildersaddition:block/hedge/hedge_straight_birch"},
        "state=straight_x": { "model": "buildersaddition:block/hedge/hedge_straight_birch", "y": 90},
        
        "state=corner_nw": { "model": "buildersaddition:block/hedge/hedge_corner_birch"},
        "state=corner_ne": { "model": "buildersaddition:block/hedge/hedge_corner_birch", "y": 90},
        "state=corner_sw": { "model": "buildersaddition:block/hedge/hedge_corner_birch", "y": 270},
        "state=corner_se": { "model": "buildersaddition:block/hedge/hedge_corner_birch", "y": 180},
        
        
        "state=tcross_n": { "model": "buildersaddition:block/hedge/hedge_tcross_birch"},
        "state=tcross_w": { "model": "buildersaddition:block/hedge/hedge_tcross_birch", "y": 270},
        "state=tcross_s": { "model": "buildersaddition:block/hedge/hedge_tcross_birch", "y": 180},
        "state=tcross_e": { "model": "buildersaddition:block/hedge/hedge_tcross_birch", "y": 90},
        
        "state=cross": { "model": "buildersaddition:block/hedge/hedge_cross_birch"}
    }
}