{
    "variants": {
        "state=none": { "model": "buildersaddition:block/hedge/hedge_none_jungle"},
        
        "state=straight_z": { "model": "buildersaddition:block/hedge/hedge_straight_jungle"},
        "state=straight_x": { "model": "buildersaddition:block/hedge/hedge_straight_jungle", "y": 90},
        
        "state=corner_nw": { "model": "buildersaddition:block/hedge/hedge_corner_jungle"},
        "state=corner_ne": { "model": "buildersaddition:block/hedge/hedge_corner_jungle", "y": 90},
        "state=corner_sw": { "model": "buildersaddition:block/hedge/hedge_corner_jungle", "y": 270},
        "state=corner_se": { "model": "buildersaddition:block/hedge/hedge_corner_jungle", "y": 180},
        
        
        "state=tcross_n": { "model": "buildersaddition:block/hedge/hedge_tcross_jungle"},
        "state=tcross_w": { "model": "buildersaddition:block/hedge/hedge_tcross_jungle", "y": 270},
        "state=tcross_s": { "model": "buildersaddition:block/hedge/hedge_tcross_jungle", "y": 180},
        "state=tcross_e": { "model": "buildersaddition:block/hedge/hedge_tcross_jungle", "y": 90},
        
        "state=cross": { "model": "buildersaddition:block/hedge/hedge_cross_jungle"}
    }
}