{
    "variants": {
        "state=both,facing=north": { "model": "buildersaddition:block/sofa/sofa_both_purple", "y":180 },
        "state=both,facing=west": { "model": "buildersaddition:block/sofa/sofa_both_purple", "y":90 },
        "state=both,facing=south": { "model": "buildersaddition:block/sofa/sofa_both_purple" },
        "state=both,facing=east": { "model": "buildersaddition:block/sofa/sofa_both_purple", "y":270 },
        
        "state=left,facing=north": { "model": "buildersaddition:block/sofa/sofa_left_purple", "y":180 },
        "state=left,facing=west": { "model": "buildersaddition:block/sofa/sofa_left_purple", "y":90 },
        "state=left,facing=south": { "model": "buildersaddition:block/sofa/sofa_left_purple" },
        "state=left,facing=east": { "model": "buildersaddition:block/sofa/sofa_left_purple", "y":270 },
        
        "state=right,facing=north": { "model": "buildersaddition:block/sofa/sofa_right_purple", "y":180 },
        "state=right,facing=west": { "model": "buildersaddition:block/sofa/sofa_right_purple", "y":90 },
        "state=right,facing=south": { "model": "buildersaddition:block/sofa/sofa_right_purple" },
        "state=right,facing=east": { "model": "buildersaddition:block/sofa/sofa_right_purple", "y":270 },
        
        "state=none,facing=north": { "model": "buildersaddition:block/sofa/sofa_none_purple", "y":180 },
        "state=none,facing=west": { "model": "buildersaddition:block/sofa/sofa_none_purple", "y":90 },
        "state=none,facing=south": { "model": "buildersaddition:block/sofa/sofa_none_purple" },
        "state=none,facing=east": { "model": "buildersaddition:block/sofa/sofa_none_purple", "y":270 }
    }
}