{
    "textures": {
        "leaves": "minecraft:block/oak_leaves",
        "particle": "minecraft:block/oak_leaves"
    },
    "display": {
        "gui": {
            "rotation": [ 30, 45, 0 ],
            "translation": [ 0, 0, 0 ],
            "scale": [ 0.625, 0.625, 0.625 ]
        },
        "ground": {
            "rotation": [ 0, 0, 0 ],
            "translation": [ 0, 3, 0 ],
            "scale": [ 0.25, 0.25, 0.25 ]
        },
        "fixed": {
            "rotation": [ 0, 180, 0 ],
            "translation": [ 0, 0, 0 ],
            "scale": [ 1, 1, 1 ]
        },
        "head": {
            "rotation": [ 0, 180, 0 ],
            "translation": [ 0, 0, 0 ],
            "scale": [ 1, 1, 1 ]
        },
        "firstperson_righthand": {
            "rotation": [ 0, 315, 0 ],
            "translation": [ 0, 2.5, 0 ],
            "scale": [ 0.4, 0.4, 0.4 ]
        },
        "thirdperson_righthand": {
            "rotation": [ 75, 315, 0 ],
            "translation": [ 0, 2.5, 0 ],
            "scale": [ 0.375, 0.375, 0.375 ]
        }
    },
    "elements": [
        {
            "name": "Cube",
            "from": [ 0, 0, 4 ], 
            "to": [ 16, 16, 12 ], 
            "faces": {
                "north": { "texture": "#leaves", "uv": [ 0, 0, 16, 16 ], "tintindex": 0 },
                "east": { "texture": "#leaves", "uv": [ 8, 0, 16, 16 ], "tintindex": 0 },
                "south": { "texture": "#leaves", "uv": [ 0, 0, 16, 16 ], "tintindex": 0 },
                "west": { "texture": "#leaves", "uv": [ 0, 0, 8, 16 ], "tintindex": 0 },
                "up": { "texture": "#leaves", "uv": [ 0, 4, 16, 12 ], "tintindex": 0 },
                "down": { "texture": "#leaves", "uv": [ 0, 4, 16, 12 ], "tintindex": 0 }
            }
        }
    ]
}