{
    "textures": {
        "planks": "minecraft:block/oak_planks",
        "particle": "minecraft:block/oak_planks"
    },
    "display": {
        "gui": {
            "rotation": [ 30, 45, 0 ],
            "translation": [ 0, 0, 0 ],
            "scale": [ 0.625, 0.625, 0.625 ]
        },
        "ground": {
            "rotation": [ 0, 0, 0 ],
            "translation": [ 0, 3, 0 ],
            "scale": [ 0.25, 0.25, 0.25 ]
        },
        "fixed": {
            "rotation": [ 0, 180, 0 ],
            "translation": [ 0, 0, 0 ],
            "scale": [ 1, 1, 1 ]
        },
        "head": {
            "rotation": [ 0, 180, 0 ],
            "translation": [ 0, 0, 0 ],
            "scale": [ 1, 1, 1 ]
        },
        "firstperson_righthand": {
            "rotation": [ 0, 315, 0 ],
            "translation": [ 0, 2.5, 0 ],
            "scale": [ 0.4, 0.4, 0.4 ]
        },
        "thirdperson_righthand": {
            "rotation": [ 75, 315, 0 ],
            "translation": [ 0, 2.5, 0 ],
            "scale": [ 0.375, 0.375, 0.375 ]
        }
    },
    "elements": [
        {
            "name": "Seat",
            "from": [ 0, 7, 2 ], 
            "to": [ 16, 9, 14 ], 
            "faces": {
                "north": { "texture": "#planks", "uv": [ 0, 2, 16, 4 ] },
                "east": { "texture": "#planks", "uv": [ 2, 2, 14, 4 ] },
                "south": { "texture": "#planks", "uv": [ 0, 2, 16, 4 ] },
                "west": { "texture": "#planks", "uv": [ 2, 2, 14, 4 ] },
                "up": { "texture": "#planks", "uv": [ 0, 2, 16, 14 ] },
                "down": { "texture": "#planks", "uv": [ 0, 2, 16, 14 ] }
            }
        }
    ]
}